City_ID,City,Country,Date,Lat,Lng,Max Temp,Humidity,Cloudiness,Wind Speed
0,Atuona,PF,2021-05-29 02:18:48,-9.8,-139.0333,79.02,73,16,14.63
1,Ushuaia,AR,2021-05-29 02:18:49,-54.8,-68.3,29.86,100,90,19.57
2,Mahebourg,MU,2021-05-29 02:16:13,-20.4081,57.7,74.25,88,75,0.0
3,Tiksi,RU,2021-05-29 02:18:49,71.6872,128.8694,32.97,96,100,15.03
4,Lorengau,PG,2021-05-29 02:18:49,-2.0226,147.2712,84.33,75,99,10.02
5,Rikitea,PF,2021-05-29 02:18:50,-23.1203,-134.9692,76.78,75,77,20.51
6,Bredasdorp,ZA,2021-05-29 02:18:50,-34.5322,20.0403,58.32,77,7,9.08
7,Verkhnyaya Inta,RU,2021-05-29 02:18:50,65.9811,60.3094,47.59,63,100,10.51
8,Astanajapura,ID,2021-05-29 02:18:51,-6.8017,108.6311,84.27,70,99,4.88
9,Saint George,US,2021-05-29 02:15:17,37.1041,-113.5841,93.67,8,1,1.01
10,Rosarito,MX,2021-05-29 02:18:51,32.3333,-117.0333,69.64,76,61,7.14
11,Sumkino,RU,2021-05-29 02:18:51,58.1108,68.3244,57.83,62,63,6.2
12,Port Elizabeth,ZA,2021-05-29 02:18:52,-33.918,25.5701,59.29,77,0,10.36
13,Hambantota,LK,2021-05-29 02:18:52,6.1241,81.1185,81.39,80,44,20.94
14,Cape Town,ZA,2021-05-29 02:17:54,-33.9258,18.4232,59.41,89,75,1.99
15,Batagay-Alyta,RU,2021-05-29 02:18:52,67.8006,130.4114,46.99,62,20,22.21
16,Namibe,AO,2021-05-29 02:14:05,-15.1961,12.1522,73.22,60,0,1.88
17,Woodward,US,2021-05-29 02:18:53,36.4337,-99.3904,65.43,67,1,8.97
18,Makakilo City,US,2021-05-29 02:18:53,21.3469,-158.0858,84.52,56,20,14.97
19,Killybegs,IE,2021-05-29 02:18:53,54.6333,-8.45,51.93,95,100,4.72
20,Georgetown,MY,2021-05-29 02:15:58,5.4112,100.3354,85.95,77,20,1.01
21,Punta Arenas,CL,2021-05-29 02:18:54,-53.15,-70.9167,35.71,75,20,21.81
22,Saint-Philippe,RE,2021-05-29 02:18:54,-21.3585,55.7679,68.22,77,20,2.37
23,Bluff,NZ,2021-05-29 02:18:54,-46.6,168.3333,49.8,84,99,21.68
24,Cobija,BO,2021-05-29 02:14:35,-11.0267,-68.7692,75.07,64,16,2.28
25,Vila,PT,2021-05-29 02:18:55,42.0304,-8.1588,54.7,79,73,3.18
26,Souillac,MU,2021-05-29 02:18:55,-20.5167,57.5167,74.35,88,75,6.51
27,Tuatapere,NZ,2021-05-29 02:14:55,-46.1333,167.6833,49.82,90,100,9.51
28,New Norfolk,AU,2021-05-29 02:18:55,-42.7826,147.0587,49.71,54,6,1.41
29,Katsuura,JP,2021-05-29 02:18:56,35.1333,140.3,78.24,79,100,22.77
30,Castro,BR,2021-05-29 02:18:56,-24.7911,-50.0119,69.76,64,60,14.83
31,Longyearbyen,SJ,2021-05-29 02:18:56,78.2186,15.6401,31.84,59,40,20.71
32,Biskamzha,RU,2021-05-29 02:18:57,53.4497,89.5272,46.49,61,51,8.63
33,Mount Isa,AU,2021-05-29 02:18:57,-20.7333,139.5,71.37,21,37,11.5
34,Jamestown,US,2021-05-29 02:16:10,42.097,-79.2353,44.1,94,90,5.01
35,Busselton,AU,2021-05-29 02:18:57,-33.65,115.3333,66.04,80,97,10.27
36,Elliot Lake,CA,2021-05-29 02:18:12,46.3834,-82.6331,41.09,50,0,5.3
37,Hokitika,NZ,2021-05-29 02:18:58,-42.7167,170.9667,50.92,75,100,11.07
38,Thinadhoo,MV,2021-05-29 02:18:58,0.5333,72.9333,83.98,72,100,18.72
39,Anadyr,RU,2021-05-29 02:18:58,64.75,177.4833,46.9,52,0,3.33
40,Hermanus,ZA,2021-05-29 02:18:59,-34.4187,19.2345,57.79,85,19,14.7
41,Victoria,HK,2021-05-29 02:16:51,22.2855,114.1577,91.96,76,100,1.01
42,Avarua,CK,2021-05-29 02:14:15,-21.2078,-159.775,80.65,61,40,9.22
43,Iralaya,HN,2021-05-29 02:18:59,15.0,-83.2333,79.95,78,56,7.78
44,Tasiilaq,GL,2021-05-29 02:14:50,65.6145,-37.6368,42.96,92,100,32.39
45,Ferrol,ES,2021-05-29 02:18:59,43.4832,-8.2369,59.52,90,8,2.93
46,Flinders,AU,2021-05-29 02:19:00,-34.5833,150.8552,59.38,57,57,8.01
47,Ahipara,NZ,2021-05-29 02:19:00,-35.1667,173.1667,58.48,74,78,16.15
48,Charters Towers,AU,2021-05-29 02:19:00,-20.1,146.2667,69.53,25,56,7.14
49,Albany,US,2021-05-29 02:16:16,42.6001,-73.9662,45.27,92,100,5.3
50,Rengo,CL,2021-05-29 02:19:01,-34.4167,-70.8667,52.63,88,21,2.53
51,Yellowknife,CA,2021-05-29 02:19:01,62.456,-114.3525,57.72,38,20,4.0
52,Lebu,CL,2021-05-29 02:19:01,-37.6167,-73.65,51.03,87,12,6.22
53,Klaksvik,FO,2021-05-29 02:19:02,62.2266,-6.589,45.52,92,11,16.73
54,Aklavik,CA,2021-05-29 02:19:02,68.2191,-135.0107,34.52,61,100,16.24
55,Vaini,TO,2021-05-29 02:19:02,-21.2,-175.2,77.16,78,75,2.3
56,Mareeba,AU,2021-05-29 02:19:03,-17.0,145.4333,75.43,53,10,5.61
57,Necochea,AR,2021-05-29 02:15:53,-38.5473,-58.7368,52.03,60,100,20.42
58,Rabo De Peixe,PT,2021-05-29 02:19:03,37.8,-25.5833,54.91,82,40,4.99
59,Temirtau,KZ,2021-05-29 02:19:03,50.0544,72.9483,57.45,40,2,15.73
60,Upernavik,GL,2021-05-29 02:19:04,72.7868,-56.1549,29.88,94,98,8.79
61,Quatre Cocos,MU,2021-05-29 02:19:04,-20.2078,57.7625,74.08,85,96,9.42
62,Arraial Do Cabo,BR,2021-05-29 02:19:04,-22.9661,-42.0278,73.51,90,77,27.11
63,Bethel,US,2021-05-29 02:19:04,41.3712,-73.414,50.31,90,90,3.0
64,Butaritari,KI,2021-05-29 02:19:05,3.0707,172.7902,82.89,79,100,16.15
65,Qaanaaq,GL,2021-05-29 02:15:16,77.484,-69.3632,37.6,82,99,5.7
66,Saskylakh,RU,2021-05-29 02:14:49,71.9167,114.0833,43.23,54,88,13.04
67,Mount Gambier,AU,2021-05-29 02:19:05,-37.8333,140.7667,53.51,66,90,10.36
68,Provideniya,RU,2021-05-29 02:19:05,64.3833,-173.3,46.65,36,9,10.36
69,Bambous Virieux,MU,2021-05-29 02:19:06,-20.3428,57.7575,74.21,88,75,8.77
70,Hualmay,PE,2021-05-29 02:19:06,-11.0964,-77.6139,65.14,92,25,10.11
71,Grindavik,IS,2021-05-29 02:19:06,63.8424,-22.4338,48.9,93,90,29.91
72,Bengkulu,ID,2021-05-29 02:19:07,-3.8004,102.2655,75.04,94,100,3.4
73,Murgab,TM,2021-05-29 02:19:07,37.4966,61.9714,75.07,43,0,7.45
74,Vila Velha,BR,2021-05-29 02:14:58,-20.3297,-40.2925,76.95,85,75,4.0
75,Barrow,US,2021-05-29 02:17:41,71.2906,-156.7887,30.22,80,90,6.91
76,Yelanskiy,RU,2021-05-29 02:19:07,56.8419,62.5014,60.19,65,0,4.43
77,Salalah,OM,2021-05-29 02:19:08,17.0151,54.0924,84.29,79,75,4.61
78,Poum,NC,2021-05-29 02:19:08,-20.2333,164.0167,72.84,69,4,16.73
79,Hofn,IS,2021-05-29 02:19:08,64.2539,-15.2082,46.44,97,100,10.16
80,Zharkent,KZ,2021-05-29 02:19:09,44.1628,80.0,69.98,52,100,4.38
81,Kapaa,US,2021-05-29 02:19:09,22.0752,-159.319,82.38,70,20,1.99
82,Dunedin,NZ,2021-05-29 02:14:09,-45.8742,170.5036,49.8,86,100,7.0
83,Betare Oya,CM,2021-05-29 02:19:09,5.6,14.0833,67.46,94,93,3.13
84,Nikolskoye,RU,2021-05-29 02:19:10,59.7035,30.7861,48.4,96,98,4.23
85,Kutum,SD,2021-05-29 02:19:10,14.2,24.6667,76.8,11,0,9.44
86,Umm Kaddadah,SD,2021-05-29 02:19:10,13.6017,26.6876,84.65,12,12,15.03
87,Tuktoyaktuk,CA,2021-05-29 02:19:11,69.4541,-133.0374,30.2,86,75,8.05
88,Esperance,AU,2021-05-29 02:19:11,-33.8667,121.9,66.04,53,71,15.12
89,Caravelas,BR,2021-05-29 02:19:11,-17.7125,-39.2481,73.67,88,80,5.73
90,Lavrentiya,RU,2021-05-29 02:19:11,65.5833,-171.0,34.21,81,8,12.35
91,Brigg,GB,2021-05-29 02:19:12,53.552,-0.4921,56.14,98,20,2.3
92,Ugoofaaru,MV,2021-05-29 02:19:12,5.6667,73.0,83.41,72,11,20.8
93,Laguna,US,2021-05-29 02:15:43,38.421,-121.4238,88.45,44,1,5.01
94,San Patricio,US,2021-05-29 02:19:12,28.017,-97.5169,81.32,87,52,10.92
95,Port Blair,IN,2021-05-29 02:19:13,11.6667,92.75,82.69,80,100,5.82
96,Mataura,NZ,2021-05-29 02:19:13,-46.1927,168.8643,49.48,95,100,4.18
97,Kruisfontein,ZA,2021-05-29 02:19:13,-34.0033,24.7314,55.89,71,6,17.78
98,Rosario,AR,2021-05-29 02:19:14,-32.9468,-60.6393,54.95,65,0,1.01
99,Sorland,NO,2021-05-29 02:19:14,67.667,12.6934,43.86,76,59,2.21
100,Te Anau,NZ,2021-05-29 02:19:14,-45.4167,167.7167,43.05,97,100,6.67
101,Baykit,RU,2021-05-29 02:19:14,61.67,96.37,36.63,94,100,8.1
102,Angoche,MZ,2021-05-29 02:19:15,-16.2325,39.9086,69.69,77,0,3.58
103,Houma,US,2021-05-29 02:15:43,29.5958,-90.7195,80.6,72,1,0.0
104,Emerald,AU,2021-05-29 02:19:15,-23.5333,148.1667,68.14,34,100,11.5
105,Urumqi,CN,2021-05-29 02:19:16,43.801,87.6005,74.35,36,0,4.94
106,Shitanjing,CN,2021-05-29 02:19:16,39.2342,106.3439,78.93,15,80,22.19
107,Gunjur,GM,2021-05-29 02:19:16,13.2019,-16.7339,71.67,94,75,15.59
108,Zhurivka,UA,2021-05-29 02:19:16,50.5028,31.7849,57.18,97,94,5.53
109,Kaitangata,NZ,2021-05-29 02:19:17,-46.2817,169.8464,52.93,75,100,8.23
110,Dali,CN,2021-05-29 02:19:17,25.7,100.1833,72.95,57,68,5.59
111,Matagami,CA,2021-05-29 02:17:34,49.7502,-77.6328,39.31,60,1,6.38
112,Hithadhoo,MV,2021-05-29 02:19:17,-0.6,73.0833,82.62,75,100,16.6
113,Hammerfest,NO,2021-05-29 02:19:18,70.6634,23.6821,36.05,64,90,1.14
114,Kodiak,US,2021-05-29 02:19:18,57.79,-152.4072,49.51,81,90,10.36
115,Cherskiy,RU,2021-05-29 02:19:18,68.75,161.3,57.67,31,71,14.88
116,Carnarvon,AU,2021-05-29 02:19:18,-24.8667,113.6333,69.87,94,90,6.91
117,Iqaluit,CA,2021-05-29 02:19:19,63.7506,-68.5145,26.33,79,90,18.01
118,Bagdarin,RU,2021-05-29 02:19:19,54.4333,113.6,64.13,29,92,2.01
119,Neuquen,AR,2021-05-29 02:19:16,-38.9516,-68.0591,51.69,43,0,6.91
120,Mokhsogollokh,RU,2021-05-29 02:19:20,61.4681,128.9203,68.79,32,91,6.49
121,Aksarka,RU,2021-05-29 02:19:20,66.5606,67.7975,45.61,64,100,13.35
122,Cabo San Lucas,MX,2021-05-29 02:19:20,22.8909,-109.9124,91.51,23,20,9.22
123,Kenai,US,2021-05-29 02:19:21,60.5544,-151.2583,50.02,93,90,3.44
124,Neratovice,CZ,2021-05-29 02:16:22,50.2593,14.5176,47.71,87,0,3.71
125,Pisco,PE,2021-05-29 02:19:21,-13.7,-76.2167,64.45,88,90,4.61
126,Port Hardy,CA,2021-05-29 02:19:21,50.6996,-127.4199,51.98,71,75,11.5
127,Guerrero Negro,MX,2021-05-29 02:15:36,27.9769,-114.0611,60.84,79,100,20.51
128,Hobart,AU,2021-05-29 02:15:04,-42.8794,147.3294,50.05,62,75,1.01
129,Thompson,CA,2021-05-29 02:19:22,55.7435,-97.8558,57.36,35,75,10.36
130,Noumea,NC,2021-05-29 02:19:19,-22.2763,166.4572,77.0,99,23,16.67
131,Redmond,US,2021-05-29 02:14:57,47.674,-122.1215,65.28,63,69,1.01
132,Sisimiut,GL,2021-05-29 02:14:31,66.9395,-53.6735,39.52,78,15,6.87
133,Khatanga,RU,2021-05-29 02:19:22,71.9667,102.5,45.59,66,57,14.79
134,Nome,US,2021-05-29 02:14:48,64.5011,-165.4064,59.07,24,1,18.41
135,Cannock,GB,2021-05-29 02:19:23,52.6904,-2.0309,57.43,78,100,3.0
136,Pangnirtung,CA,2021-05-29 02:15:00,66.1451,-65.7125,21.13,92,55,5.7
137,Severo-Kurilsk,RU,2021-05-29 02:19:23,50.6789,156.125,42.21,74,73,6.71
138,Mar Del Plata,AR,2021-05-29 02:15:00,-38.0023,-57.5575,55.0,63,40,5.01
139,Merauke,ID,2021-05-29 02:19:23,-8.4667,140.3333,81.91,72,49,12.62
140,Geraldton,AU,2021-05-29 02:19:24,-28.7667,114.6,64.81,94,90,14.61
141,East London,ZA,2021-05-29 02:19:24,-33.0153,27.9116,61.57,64,2,12.41
142,Ponta Do Sol,PT,2021-05-29 02:19:24,32.6667,-17.1,66.83,75,100,2.39
143,Pevek,RU,2021-05-29 02:19:25,69.7008,170.3133,37.71,76,40,3.8
144,Saint-Joseph,RE,2021-05-29 02:19:25,-21.3667,55.6167,67.21,75,9,2.39
145,Airai,TL,2021-05-29 02:19:25,-8.9266,125.4092,68.67,65,88,3.67
146,Samarai,PG,2021-05-29 02:19:25,-10.6167,150.6667,78.24,75,82,16.93
147,Jiaonan,CN,2021-05-29 02:19:26,35.8786,119.9753,75.22,44,1,20.45
148,Panaba,MX,2021-05-29 02:19:26,21.2833,-88.2667,77.05,84,59,8.14
149,Hilo,US,2021-05-29 02:17:34,19.7297,-155.09,78.53,73,75,10.36
150,Chlorakas,CY,2021-05-29 02:19:26,34.8042,32.4083,67.55,81,90,6.08
151,Surt,LY,2021-05-29 02:19:27,31.2089,16.5887,81.41,37,17,9.53
152,Jarwal,IN,2021-05-29 02:19:27,27.1667,81.55,74.97,89,100,10.56
153,Mahon,ES,2021-05-29 02:14:40,39.8885,4.2658,61.36,88,0,4.61
154,Grand Gaube,MU,2021-05-29 02:19:27,-20.0064,57.6608,74.37,77,84,3.0
155,Johnston,US,2021-05-29 02:16:45,35.5335,-78.3997,79.3,82,90,0.0
156,Chara,RU,2021-05-29 02:19:28,56.9064,118.2631,54.99,54,52,2.28
157,Broken Hill,AU,2021-05-29 02:14:32,-31.95,141.4333,53.06,43,100,13.49
158,Adet,ET,2021-05-29 02:19:28,11.2644,37.4888,60.28,47,0,2.77
159,Mendoza,AR,2021-05-29 02:19:28,-32.8908,-68.8272,56.73,51,0,8.05
160,Susanville,US,2021-05-29 02:18:27,40.4163,-120.653,75.81,26,1,0.0
161,Tahe,CN,2021-05-29 02:19:29,52.3333,124.7333,47.89,94,99,5.77
162,Camacha,PT,2021-05-29 02:19:29,33.0833,-16.3333,63.36,72,20,5.75
163,Bijar,IR,2021-05-29 02:19:29,35.8668,47.6051,58.95,28,0,4.9
164,Vao,NC,2021-05-29 02:15:24,-22.6667,167.4833,72.03,65,0,24.36
165,Salta,AR,2021-05-29 02:19:14,-24.7859,-65.4117,57.58,63,0,1.99
166,Tupiza,BO,2021-05-29 02:19:30,-21.45,-65.7167,49.32,28,92,9.19
167,Saldanha,ZA,2021-05-29 02:19:30,-33.0117,17.9442,58.6,83,20,6.51
168,Ilulissat,GL,2021-05-29 02:19:30,69.2167,-51.1,42.82,61,8,2.3
169,Husavik,IS,2021-05-29 02:19:31,66.0449,-17.3389,51.71,69,21,13.22
170,Gushikawa,JP,2021-05-29 02:19:31,26.3544,127.8686,76.62,84,90,5.03
171,Chapais,CA,2021-05-29 02:19:31,49.7834,-74.8492,37.18,52,3,5.19
172,Contamana,PE,2021-05-29 02:19:32,-7.3333,-75.0167,77.76,75,92,2.15
173,Belur,IN,2021-05-29 02:19:32,13.1667,75.8667,70.09,84,80,6.85
174,Lompoc,US,2021-05-29 02:19:32,34.6391,-120.4579,67.08,82,90,10.36
175,Malm,NO,2021-05-29 02:19:32,64.0721,11.2172,44.78,90,16,0.6
176,Nalut,LY,2021-05-29 02:19:33,30.3333,10.85,83.46,26,5,8.66
177,Skibbereen,IE,2021-05-29 02:19:33,51.55,-9.2667,49.8,81,100,2.48
178,Marzuq,YE,2021-05-29 02:19:33,14.4,46.4667,76.5,30,99,5.06
179,Lianran,CN,2021-05-29 02:19:34,24.9227,102.485,72.14,66,61,5.5
180,Pacific Grove,US,2021-05-29 02:19:34,36.6177,-121.9166,67.75,81,75,4.0
181,Dingle,PH,2021-05-29 02:19:34,10.9995,122.6711,88.32,64,62,2.91
182,Vardo,NO,2021-05-29 02:19:34,70.3705,31.1107,35.67,72,97,24.87
183,Burnie,AU,2021-05-29 02:19:35,-41.0667,145.9167,52.95,51,0,1.7
184,Oriximina,BR,2021-05-29 02:19:35,-1.7656,-55.8661,76.41,83,93,1.99
185,Le Vauclin,MQ,2021-05-29 02:19:35,14.5452,-60.8388,78.85,73,0,14.5
186,Fort Nelson,CA,2021-05-29 02:15:09,58.8053,-122.7002,65.46,32,99,7.29
187,Ust-Nera,RU,2021-05-29 02:19:36,64.5667,143.2,44.38,81,100,6.91
188,Portland,US,2021-05-29 02:15:09,45.5234,-122.6762,69.46,50,1,4.0
189,Cidreira,BR,2021-05-29 02:19:36,-30.1811,-50.2056,62.56,95,100,11.97
190,Borovoy,RU,2021-05-29 02:19:36,55.4333,86.0833,45.68,65,0,6.53
191,Stephenville,US,2021-05-29 02:19:37,32.2207,-98.2023,70.39,88,1,6.91
192,Darab,IR,2021-05-29 02:19:37,28.7519,54.5444,79.54,13,0,5.59
193,Sao Joao Da Barra,BR,2021-05-29 02:19:37,-21.6403,-41.0511,74.5,91,13,19.15
194,Shimoda,JP,2021-05-29 02:19:38,34.6667,138.95,73.76,76,100,18.81
195,Yuncheng,CN,2021-05-29 02:19:38,35.0231,110.9928,82.89,18,100,5.61
196,Zhanakorgan,KZ,2021-05-29 02:19:38,43.9098,67.2495,84.96,27,10,7.58
197,Baghdad,IQ,2021-05-29 02:19:38,33.3406,44.4009,73.31,33,0,5.19
198,Chokurdakh,RU,2021-05-29 02:19:39,70.6333,147.9167,56.93,31,39,16.2
199,Hamilton,US,2021-05-29 02:15:49,39.1834,-84.5333,52.77,93,90,3.0
200,Neiafu,TO,2021-05-29 02:19:39,-18.65,-173.9833,81.28,74,75,4.61
201,Bakchar,RU,2021-05-29 02:19:40,57.0186,82.0711,46.18,45,56,4.23
202,Clyde River,CA,2021-05-29 02:19:40,70.4692,-68.5914,30.43,80,1,6.91
203,Soyo,AO,2021-05-29 02:19:40,-6.1349,12.3689,75.09,90,99,7.0
204,Homer,US,2021-05-29 02:19:41,59.6425,-151.5483,53.49,71,90,4.61
205,Nago,JP,2021-05-29 02:19:41,26.5881,127.9761,77.45,71,96,5.06
206,Ballina,AU,2021-05-29 02:19:41,-28.8667,153.5667,68.18,60,90,17.27
207,Fortuna,US,2021-05-29 02:19:41,40.5982,-124.1573,73.18,66,1,1.99
208,Port Alfred,ZA,2021-05-29 02:17:03,-33.5906,26.891,62.53,67,1,23.11
209,Kipini,KE,2021-05-29 02:19:42,-2.5257,40.5262,78.28,72,39,13.06
210,Bathsheba,BB,2021-05-29 02:19:42,13.2167,-59.5167,79.41,61,40,13.94
211,Benguela,AO,2021-05-29 02:19:42,-12.5763,13.4055,73.49,59,7,5.97
212,Liverpool,GB,2021-05-29 02:16:13,53.4106,-2.9779,57.61,82,100,3.06
213,Ginda,IN,2021-05-29 02:19:43,30.6945,78.4932,69.91,52,0,1.5
214,Chuy,UY,2021-05-29 02:19:43,-33.6971,-53.4616,55.06,94,36,7.43
215,Holland,US,2021-05-29 02:17:24,42.7875,-86.1089,48.25,57,75,10.36
216,Talen,IN,2021-05-29 02:19:44,23.5667,76.7167,86.76,54,100,15.21
217,Half Moon Bay,US,2021-05-29 02:19:44,37.4636,-122.4286,70.92,73,75,9.22
218,Sorong,ID,2021-05-29 02:17:15,-0.8833,131.25,83.26,77,14,11.41
219,Olafsvik,IS,2021-05-29 02:19:44,64.8945,-23.7142,47.44,87,100,32.88
220,Vilhena,BR,2021-05-29 02:19:45,-12.7406,-60.1458,72.16,76,92,3.13
221,Lieksa,FI,2021-05-29 02:19:45,63.3167,30.0167,36.73,78,8,7.76
222,Lagoa,PT,2021-05-29 02:19:45,39.05,-27.9833,61.65,75,34,8.1
223,Rajanpur,PK,2021-05-29 02:19:46,29.1035,70.325,96.21,28,5,14.83
224,Nara,JP,2021-05-29 02:19:46,34.6851,135.8049,78.91,32,57,13.67
225,Hasaki,JP,2021-05-29 02:19:46,35.7333,140.8333,79.2,74,100,20.24
226,Key West,US,2021-05-29 02:16:20,24.5557,-81.7826,80.01,73,1,5.75
227,Nanortalik,GL,2021-05-29 02:19:46,60.1432,-45.2371,35.78,97,100,3.96
228,Avera,US,2021-05-29 02:19:47,33.194,-82.5271,80.47,55,94,7.63
229,Nola,IT,2021-05-29 02:19:47,40.922,14.5329,65.93,82,100,2.64
230,Malpe,IN,2021-05-29 02:19:47,13.35,74.7167,78.1,84,62,4.9
231,Oberwart,AT,2021-05-29 02:19:48,47.2897,16.206,54.57,66,100,2.44
232,Almeirim,BR,2021-05-29 02:19:48,-1.5233,-52.5817,74.73,96,100,3.04
233,Mayumba,GA,2021-05-29 02:19:48,-3.432,10.6554,76.08,90,90,5.99
234,Coquimbo,CL,2021-05-29 02:19:49,-29.9533,-71.3436,53.33,93,0,5.06
235,Kavieng,PG,2021-05-29 02:19:49,-2.5744,150.7967,85.46,69,45,9.82
236,Qiongshan,CN,2021-05-29 02:19:49,20.0058,110.3542,89.58,70,20,5.84
237,Karratha,AU,2021-05-29 02:19:49,-20.7377,116.8463,82.08,53,79,15.3
238,Trinidad,BO,2021-05-29 02:19:50,-14.8333,-64.9,73.31,76,77,3.6
239,Egvekinot,RU,2021-05-29 02:16:20,66.3167,-179.1667,37.72,58,6,10.56
240,Aksu,CN,2021-05-29 02:19:50,41.1231,80.2644,80.42,18,6,4.32
241,Etchojoa,MX,2021-05-29 02:19:50,26.9167,-109.6333,89.28,32,35,6.96
242,Sao Filipe,CV,2021-05-29 02:19:51,14.8961,-24.4956,72.59,78,6,9.33
243,Puerto Ayora,EC,2021-05-29 02:19:51,-0.7393,-90.3518,74.55,92,59,8.99
244,Celestun,MX,2021-05-29 02:19:51,20.8667,-90.4,80.82,76,1,16.33
245,Roald,NO,2021-05-29 02:19:51,62.5833,6.1333,49.33,87,7,16.11
246,Sao Jose Da Coroa Grande,BR,2021-05-29 02:19:52,-8.8978,-35.1478,76.77,79,76,10.13
247,Tessalit,ML,2021-05-29 02:19:52,20.1986,1.0114,90.28,7,100,9.75
248,Guanica,PR,2021-05-29 02:19:52,17.9716,-66.908,79.14,85,60,4.0
249,Port Lincoln,AU,2021-05-29 02:19:53,-34.7333,135.8667,59.25,64,4,12.95
250,Khandyga,RU,2021-05-29 02:19:53,62.6667,135.6,67.14,33,100,5.64
251,Alofi,NU,2021-05-29 02:19:53,-19.0595,-169.9187,82.29,74,37,6.91
252,Petawawa,CA,2021-05-29 02:19:53,45.9001,-77.3328,45.99,54,1,0.0
253,Ancud,CL,2021-05-29 02:19:54,-41.8697,-73.8203,46.42,71,84,5.28
254,Alice Springs,AU,2021-05-29 02:19:54,-23.7,133.8833,60.35,44,0,18.25
255,Wolnzach,DE,2021-05-29 02:19:54,48.6038,11.6257,50.23,95,100,3.53
256,Corn Island,NI,2021-05-29 02:16:00,12.1694,-83.0418,81.82,77,19,15.12
257,Muros,ES,2021-05-29 02:19:55,42.7762,-9.0603,60.84,88,4,7.81
258,Gravdal,NO,2021-05-29 02:19:55,68.1214,13.5031,42.42,72,18,0.38
259,Yulara,AU,2021-05-29 02:19:55,-25.2406,130.9889,60.64,44,0,20.71
260,Dalbandin,PK,2021-05-29 02:19:56,28.8947,64.4101,85.53,17,0,3.67
261,Kalevala,RU,2021-05-29 02:19:56,65.2,31.1667,36.54,72,16,10.6
262,Maragogi,BR,2021-05-29 02:19:56,-9.0122,-35.2225,76.75,79,75,9.98
263,West Bay,KY,2021-05-29 02:19:57,19.3667,-81.4167,82.0,83,20,5.14
264,Cayenne,GF,2021-05-29 02:19:57,4.9333,-52.3333,77.09,90,90,1.01
265,Dhidhdhoo,MV,2021-05-29 02:19:57,6.8833,73.1,83.68,72,29,20.83
266,Matay,EG,2021-05-29 02:16:11,28.419,30.7792,72.45,45,0,7.0
267,Kargasok,RU,2021-05-29 02:19:58,59.0556,80.8572,41.7,46,8,6.49
268,Carmen,MX,2021-05-29 02:17:44,18.6333,-91.8333,84.29,76,61,17.78
269,Vestmannaeyjar,IS,2021-05-29 02:15:12,63.4427,-20.2734,46.99,93,99,40.87
270,Astoria,US,2021-05-29 02:15:09,46.1879,-123.8313,64.02,67,1,16.11
271,Ponta Delgada,PT,2021-05-29 02:19:58,37.7333,-25.6667,56.12,82,40,4.61
272,Plettenberg Bay,ZA,2021-05-29 02:19:58,-34.0527,23.3716,58.75,80,66,11.27
273,Milkovo,RU,2021-05-29 02:19:59,54.7167,158.6167,49.35,62,81,3.22
274,Tezu,IN,2021-05-29 02:19:59,27.9167,96.1667,84.78,67,86,1.14
275,Palencia,ES,2021-05-29 02:19:59,42.4167,-4.5,56.79,91,99,3.83
276,Dobele,LV,2021-05-29 02:20:00,56.625,23.2786,47.75,95,100,4.16
277,Sartell,US,2021-05-29 02:20:00,45.6216,-94.2069,55.69,61,1,5.17
278,Nanuque,BR,2021-05-29 02:20:00,-17.8392,-40.3539,69.91,95,78,6.73
279,Codrington,AU,2021-05-29 02:20:00,-38.2667,141.9667,54.37,62,2,5.86
280,Mendi,PG,2021-05-29 02:20:01,-6.1761,143.6513,63.75,86,100,3.69
281,San Cristobal,VE,2021-05-29 02:19:51,7.7669,-72.225,66.58,95,87,0.83
282,Bubaque,GW,2021-05-29 02:20:01,11.2833,-15.8333,78.26,73,70,9.51
283,Acapulco,MX,2021-05-29 02:20:01,16.8634,-99.8901,85.82,70,90,4.16
284,Strohonivka,UA,2021-05-29 02:20:03,44.9431,34.1973,57.29,85,24,1.32
285,Touros,BR,2021-05-29 02:20:03,-5.1989,-35.4608,76.1,91,70,10.54
286,Nouadhibou,MR,2021-05-29 02:20:03,20.931,-17.0347,67.98,77,100,16.11
287,Troy,US,2021-05-29 02:20:04,42.6056,-83.1499,46.11,75,1,1.99
288,Puerto Ayacucho,VE,2021-05-29 02:20:04,5.6639,-67.6236,76.19,92,92,3.85
289,Upington,ZA,2021-05-29 02:20:04,-28.4478,21.2561,44.98,76,0,1.14
290,Greeley,US,2021-05-29 02:20:04,40.4233,-104.7091,75.18,31,1,6.91
291,Manhattan,US,2021-05-29 02:18:06,40.7834,-73.9662,52.05,89,90,8.05
292,Phulji,PK,2021-05-29 02:20:05,26.8825,67.6807,93.76,40,0,8.88
293,Menongue,AO,2021-05-29 02:20:05,-14.6585,17.691,47.44,47,0,3.67
294,Obukhiv,UA,2021-05-29 02:20:05,50.11,30.6227,59.59,98,100,7.81
295,Andenes,NO,2021-05-29 02:20:06,69.3143,16.1194,38.07,75,95,5.75
296,Magadan,RU,2021-05-29 02:20:06,59.5667,150.8,39.34,83,100,6.55
297,Manjacaze,MZ,2021-05-29 02:20:06,-24.7117,33.8828,58.53,48,0,6.73
298,Axim,GH,2021-05-29 02:20:07,4.8699,-2.2405,79.66,87,62,6.42
299,Dikson,RU,2021-05-29 02:20:07,73.5069,80.5464,24.01,85,77,4.32
300,Parabel,RU,2021-05-29 02:20:07,58.6978,81.4825,41.47,46,10,7.05
301,Luganville,VU,2021-05-29 02:20:07,-15.5333,167.1667,78.49,61,47,5.82
302,Mweka,CD,2021-05-29 02:16:06,-4.85,21.5667,67.6,70,90,1.7
303,Marsh Harbour,BS,2021-05-29 02:20:08,26.5412,-77.0636,77.05,76,1,9.01
304,Pangody,RU,2021-05-29 02:20:08,65.85,74.4859,42.22,41,62,8.48
305,Nove Hrady,CZ,2021-05-29 02:20:08,48.7896,14.7784,49.8,90,100,3.18
306,Talas,TR,2021-05-29 02:20:09,38.6908,35.5538,50.67,93,20,2.55
307,Narsaq,GL,2021-05-29 02:20:09,60.9167,-46.05,44.82,68,0,4.97
308,Luderitz,NA,2021-05-29 02:20:09,-26.6481,15.1594,61.18,58,100,13.71
309,Saint-Augustin,CA,2021-05-29 02:20:10,51.226,-58.6502,41.94,52,14,14.97
310,Komsomolskiy,UZ,2021-05-29 02:20:10,40.4272,71.7189,79.52,25,0,4.61
311,Takhtamygda,RU,2021-05-29 02:20:10,54.1,123.5667,55.44,54,91,7.36
312,Mlonggo,ID,2021-05-29 02:20:10,-6.5333,110.7,87.69,69,100,2.17
313,Batemans Bay,AU,2021-05-29 02:20:11,-35.7167,150.1833,57.99,47,8,12.59
314,Sedan,FR,2021-05-29 02:20:11,49.6667,5.0,51.42,84,99,3.98
315,Lasa,IT,2021-05-29 02:20:11,46.6166,10.7002,54.48,83,49,4.25
316,Banda Aceh,ID,2021-05-29 02:16:32,5.5577,95.3222,82.0,73,98,9.75
317,Lazaro Cardenas,MX,2021-05-29 02:18:33,17.9583,-102.2,81.23,71,7,6.8
318,Itaituba,BR,2021-05-29 02:20:12,-4.2761,-55.9836,74.77,81,93,0.22
319,Kahului,US,2021-05-29 02:20:01,20.8947,-156.47,82.42,63,40,23.02
320,Trairi,BR,2021-05-29 02:15:57,-3.2778,-39.2689,74.55,93,1,6.26
321,Adelaide,AU,2021-05-29 02:15:22,-34.9333,138.6,60.51,56,34,1.01
322,Chingirlau,KZ,2021-05-29 02:20:12,51.095,54.0814,66.94,54,96,10.96
323,Pokhara,NP,2021-05-29 02:20:13,28.2333,83.9833,69.82,85,100,2.01
324,Mahajanga,MG,2021-05-29 02:20:13,-15.7167,46.3167,68.02,94,20,4.61
325,Sechura,PE,2021-05-29 02:20:13,-5.5569,-80.8222,70.25,82,20,12.75
326,Iskitim,RU,2021-05-29 02:20:14,54.6366,83.3045,54.25,58,30,5.37
327,Berlevag,NO,2021-05-29 02:20:14,70.8578,29.0864,35.29,76,100,22.46
328,Kirakira,SB,2021-05-29 02:20:14,-10.4544,161.9205,79.9,80,100,7.83
329,Santa Rosa,PH,2021-05-29 02:20:14,14.3122,121.1114,93.18,71,10,4.94
330,Langsa,ID,2021-05-29 02:20:15,4.4683,97.9683,81.72,77,98,2.89
331,Glenwood Springs,US,2021-05-29 02:15:38,39.5505,-107.3248,77.92,34,17,2.77
332,Vale,GE,2021-05-29 02:20:15,41.6156,42.8722,53.53,84,72,2.84
333,Broome,US,2021-05-29 02:20:15,42.2506,-75.833,47.01,88,90,1.01
334,Harper,LR,2021-05-29 02:20:16,4.375,-7.7169,79.75,86,97,7.61
335,Marsa Matruh,EG,2021-05-29 02:20:16,31.3525,27.2453,66.4,72,0,4.61
336,Puerto Rico,AR,2021-05-29 02:20:16,-26.796,-55.024,73.6,65,95,2.1
337,Mildura,AU,2021-05-29 02:20:17,-34.2,142.15,55.08,50,19,11.5
338,Sioux Lookout,CA,2021-05-29 02:15:48,50.1001,-91.917,55.78,33,20,5.75
339,Skelleftea,SE,2021-05-29 02:20:17,64.7507,20.9528,37.76,67,33,4.18
340,Gavle,SE,2021-05-29 02:20:17,60.6745,17.1417,39.99,90,12,1.86
341,Syracuse,IT,2021-05-29 02:20:18,37.0881,15.2792,69.85,67,100,3.31
342,Wagar,SD,2021-05-29 02:20:18,16.1525,36.2032,89.67,24,2,9.6
343,Jacareacanga,BR,2021-05-29 02:20:18,-6.2222,-57.7528,72.93,71,86,1.59
344,Jutai,BR,2021-05-29 02:20:18,-5.1833,-68.9,74.03,94,69,2.75
345,Seoul,KR,2021-05-29 02:20:00,37.5683,126.9778,70.21,59,75,10.18
346,Arrifes,PT,2021-05-29 02:20:19,37.7667,-25.7,53.85,82,40,4.61
347,Verkhoyansk,RU,2021-05-29 02:20:19,67.5447,133.385,52.14,49,35,18.79
348,La Peca,PE,2021-05-29 02:20:19,-5.6111,-78.435,69.6,82,6,4.14
349,Chauk,MM,2021-05-29 02:20:20,20.8833,94.8167,91.26,45,17,11.36
350,Camana,PE,2021-05-29 02:20:20,-16.6228,-72.7111,65.37,83,7,3.15
351,Maniitsoq,GL,2021-05-29 02:20:20,65.4167,-52.9,37.67,79,49,15.9
352,Ribeira Grande,PT,2021-05-29 02:20:21,38.5167,-28.7,62.2,73,22,4.12
353,Zunyi,CN,2021-05-29 02:20:21,27.6867,106.9072,61.66,96,100,1.81
354,Jhargram,IN,2021-05-29 02:20:21,22.45,86.9833,86.95,70,0,10.96
355,Bathurst,AU,2021-05-29 02:20:22,-33.4166,149.5806,59.85,41,0,4.0
356,Gryazovets,RU,2021-05-29 02:20:22,58.88,40.2525,49.75,80,96,2.51
357,Macherla,IN,2021-05-29 02:20:22,16.4833,79.4333,89.46,52,98,13.69
358,Kholtoson,RU,2021-05-29 02:20:23,50.2981,103.3097,50.11,60,59,4.34
359,Zverinogolovskoye,RU,2021-05-29 02:20:23,54.4586,64.8542,63.88,44,0,8.03
360,Henties Bay,NA,2021-05-29 02:15:45,-22.116,14.2845,60.53,80,0,4.34
361,Estelle,US,2021-05-29 02:20:23,29.8458,-90.1067,81.0,64,40,3.44
362,Maceio,BR,2021-05-29 02:20:24,-9.6658,-35.7353,74.64,83,20,9.44
363,Eyl,SO,2021-05-29 02:20:24,7.9803,49.8164,78.67,78,21,14.58
364,Dicabisagan,PH,2021-05-29 02:20:24,17.0818,122.4157,90.39,60,48,7.94
365,Torbay,CA,2021-05-29 02:20:25,47.6666,-52.7314,40.57,75,20,24.16
366,Mykolayivka,UA,2021-05-29 02:20:25,47.5414,30.7561,58.69,93,100,7.16
367,Wuwei,CN,2021-05-29 02:20:25,37.9281,102.6414,80.76,13,92,19.84
368,Harnosand,SE,2021-05-29 02:20:26,62.6323,17.9379,42.01,71,7,6.71
369,Duku,NG,2021-05-29 02:20:26,11.2361,4.9073,86.13,37,98,1.03
370,Norman Wells,CA,2021-05-29 02:20:26,65.282,-126.8329,41.04,60,75,9.22
371,Tual,ID,2021-05-29 02:20:26,-5.6667,132.75,81.64,78,30,22.08
372,Praya,CV,2021-05-29 02:20:27,14.9215,-23.5087,70.34,83,40,9.22
373,Huarmey,PE,2021-05-29 02:20:27,-10.0681,-78.1522,66.36,91,21,9.75
374,Miraflores,MX,2021-05-29 02:20:27,19.2167,-98.8083,70.45,55,92,3.2
375,La Colorada,PA,2021-05-29 02:20:28,8.0167,-80.9833,76.24,90,100,7.76
376,Mayo,US,2021-05-29 02:20:28,38.8876,-76.5119,68.16,93,90,5.99
377,Kiama,AU,2021-05-29 02:20:28,-34.6833,150.8667,59.58,54,79,7.0
378,Lakes Entrance,AU,2021-05-29 02:20:28,-37.8811,147.981,57.18,56,63,5.64
379,Bonnyville,CA,2021-05-29 02:20:29,54.2668,-110.735,49.32,90,100,23.89
380,Amalapuram,IN,2021-05-29 02:20:29,16.5833,82.0167,91.78,53,12,6.26
381,Shellbrook,CA,2021-05-29 02:20:29,53.2168,-106.4011,63.63,58,40,16.42
382,Novobirilyussy,RU,2021-05-29 02:20:30,56.9514,90.6661,42.01,47,97,9.91
383,Shenkursk,RU,2021-05-29 02:20:07,62.1091,42.896,42.71,92,95,4.09
384,Progreso,MX,2021-05-29 02:20:30,21.2833,-89.6667,84.31,82,0,16.35
385,Blaubeuren,DE,2021-05-29 02:20:30,48.4122,9.7843,50.88,90,100,3.87
386,Buraydah,SA,2021-05-29 02:20:30,26.326,43.975,84.65,17,39,10.25
387,Dudinka,RU,2021-05-29 02:20:31,69.4058,86.1778,30.27,95,100,13.04
388,Pangkalanbuun,ID,2021-05-29 02:20:31,-2.6833,111.6167,82.02,87,94,0.76
389,Grobina,LV,2021-05-29 02:20:31,56.5352,21.1678,44.38,93,75,0.0
390,Richards Bay,ZA,2021-05-29 02:20:32,-28.783,32.0377,68.76,72,88,5.28
391,Nichinan,JP,2021-05-29 02:20:32,31.6,131.3667,74.88,55,100,8.39
392,Miri,MY,2021-05-29 02:20:32,4.4148,114.0089,86.14,74,40,7.43
393,Le Port,RE,2021-05-29 02:20:33,-20.9373,55.2919,68.61,68,1,3.87
394,Ambon,ID,2021-05-29 02:20:33,-3.6954,128.1814,80.74,83,75,11.86
395,Shillong,IN,2021-05-29 02:20:33,25.5689,91.8831,65.43,64,8,2.3
396,Ola,RU,2021-05-29 02:20:33,59.5833,151.2833,41.38,75,100,9.44
397,Constitucion,CL,2021-05-29 02:20:34,-35.3333,-72.4167,51.98,77,4,5.08
398,Bang Saphan,TH,2021-05-29 02:20:34,11.2126,99.5117,85.95,78,99,6.17
399,Waipawa,NZ,2021-05-29 02:20:34,-41.4122,175.5153,56.03,82,100,10.22
400,Pesochnoye,RU,2021-05-29 02:20:35,58.006,39.1772,51.22,83,96,4.0
401,Sola,VU,2021-05-29 02:20:35,-13.8833,167.55,77.49,68,70,10.67
402,Yerbogachen,RU,2021-05-29 02:20:35,61.2767,108.0108,61.09,42,100,7.49
403,Assare,BR,2021-05-29 02:20:36,-6.8744,-39.875,71.11,73,64,3.56
404,Kavaratti,IN,2021-05-29 02:20:36,10.5669,72.642,83.57,74,16,18.9
405,Beloha,MG,2021-05-29 02:20:36,-25.1667,45.05,61.97,84,0,4.07
406,Hedaru,TZ,2021-05-29 02:18:22,-4.5,37.9,62.83,97,57,1.86
407,Fairbanks,US,2021-05-29 02:20:37,64.8378,-147.7164,47.61,43,75,16.11
408,Tevaitoa,PF,2021-05-29 02:20:37,-16.7833,-151.5,80.22,71,22,2.08
409,Pedasi,PA,2021-05-29 02:20:37,7.5333,-80.0333,73.44,84,100,5.61
410,Razdolinsk,RU,2021-05-29 02:20:38,58.4211,94.6658,37.26,61,100,12.73
411,Sambava,MG,2021-05-29 02:20:38,-14.2667,50.1667,70.83,85,1,7.76
412,Albury,AU,2021-05-29 02:20:38,-36.0833,146.9167,51.01,78,0,3.44
413,Det Udom,TH,2021-05-29 02:20:39,14.906,105.0784,89.04,72,100,12.15
414,Yaritagua,VE,2021-05-29 02:17:24,10.08,-69.1261,76.26,94,34,1.43
415,Buchanan,LR,2021-05-29 02:20:39,5.8808,-10.0467,76.96,85,81,5.28
416,Saint Anthony,US,2021-05-29 02:20:39,45.0205,-93.218,56.35,57,1,3.33
417,Toropets,RU,2021-05-29 02:20:40,56.4978,31.6353,51.58,80,100,5.08
418,Upata,VE,2021-05-29 02:20:40,8.0086,-62.3989,76.19,89,14,5.21
419,Saint-Pierre,RE,2021-05-29 02:15:56,-21.3393,55.4781,68.29,64,0,9.22
420,Gouyave,GD,2021-05-29 02:20:40,12.1646,-61.7296,77.77,83,20,15.66
421,Brantford,CA,2021-05-29 02:20:41,43.1334,-80.2664,43.18,83,100,14.65
422,Suez,EG,2021-05-29 02:20:41,29.9737,32.5263,67.78,72,0,5.5
423,Kungurtug,RU,2021-05-29 02:20:41,50.5994,97.5228,49.93,55,14,3.53
424,Naifaru,MV,2021-05-29 02:20:41,5.4444,73.3657,83.5,73,23,20.78
425,Malgrat De Mar,ES,2021-05-29 02:20:42,41.6466,2.7414,67.1,84,11,1.99
426,Fujieda,JP,2021-05-29 02:20:42,34.8667,138.2667,78.28,61,75,15.55
427,Sitka,US,2021-05-29 02:20:44,57.0531,-135.33,48.09,76,90,8.05
428,Ciudad Bolivar,VE,2021-05-29 02:20:44,8.1222,-63.5497,81.97,68,96,13.53
429,Kurilsk,RU,2021-05-29 02:20:44,45.2333,147.8833,43.68,86,82,16.46
430,Marawi,PH,2021-05-29 02:20:44,7.9986,124.2928,79.38,76,96,2.04
431,Labuhan,ID,2021-05-29 02:16:12,-6.8844,112.2051,83.89,74,99,6.38
432,Petrolina De Goias,BR,2021-05-29 02:20:45,-16.095,-49.3381,69.96,53,95,1.95
433,Tura,IN,2021-05-29 02:20:45,25.5198,90.2201,79.47,85,22,4.41
434,Polson,US,2021-05-29 02:20:45,47.6936,-114.1632,57.34,60,89,6.02
435,Rocha,UY,2021-05-29 02:20:46,-34.4833,-54.3333,55.81,74,32,14.56
436,Okhotsk,RU,2021-05-29 02:20:46,59.3833,143.3,41.34,78,95,13.89
437,Naze,JP,2021-05-29 02:20:46,28.3667,129.4833,74.32,72,100,2.42
438,Leshukonskoye,RU,2021-05-29 02:20:47,64.8989,45.7622,35.47,96,100,7.87
439,Nanakuli,US,2021-05-29 02:20:47,21.3906,-158.1547,85.95,58,20,5.28
440,Gat,IL,2021-05-29 02:16:38,31.61,34.7642,69.4,100,1,2.62
441,Ostersund,SE,2021-05-29 02:20:47,63.1792,14.6357,39.65,87,15,8.05
442,Hoquiam,US,2021-05-29 02:20:48,46.9809,-123.8893,63.93,62,1,11.5
443,Dzaoudzi,YT,2021-05-29 02:20:48,-12.7887,45.2699,69.69,88,0,3.44
444,Ayan,RU,2021-05-29 02:20:48,56.45,138.1667,39.79,79,62,3.8
445,Kloulklubed,PW,2021-05-29 02:20:48,7.0419,134.2556,77.5,73,100,2.77
446,Itoman,JP,2021-05-29 02:20:49,26.1247,127.6694,77.4,88,75,3.44
447,Christchurch,NZ,2021-05-29 02:20:49,-43.5333,172.6333,50.0,97,75,1.99
448,Hami,CN,2021-05-29 02:20:49,42.8,93.45,81.61,21,87,15.66
449,Abu Samrah,SY,2021-05-29 02:20:50,35.3029,37.1841,63.79,78,0,12.86
450,Turukhansk,RU,2021-05-29 02:20:50,65.8167,87.9833,31.24,94,100,13.73
451,Hedensted,DK,2021-05-29 02:20:50,55.7704,9.7011,46.6,90,7,7.52
452,Mehamn,NO,2021-05-29 02:20:51,71.0357,27.8492,35.38,71,100,19.75
453,Sabang,ID,2021-05-29 02:17:07,5.8933,95.3214,83.77,70,97,14.43
454,Ponnani,IN,2021-05-29 02:20:51,10.767,75.9252,79.92,80,63,1.7
455,Nizwa,OM,2021-05-29 02:19:06,22.9333,57.5333,85.48,19,41,3.83
456,Chumikan,RU,2021-05-29 02:20:51,54.7183,135.315,41.43,83,99,7.05
457,Santa Isabel Do Rio Negro,BR,2021-05-29 02:20:52,-0.4139,-65.0192,74.55,99,100,1.5
458,Veracruz,MX,2021-05-29 02:18:34,19.3333,-96.6667,79.07,80,79,1.66
459,Sur,OM,2021-05-29 02:20:52,22.5667,59.5289,87.53,43,48,3.6
460,Comodoro Rivadavia,AR,2021-05-29 02:17:55,-45.8667,-67.5,33.66,69,0,8.05
461,Castanos,MX,2021-05-29 02:20:52,26.7833,-101.4167,73.2,77,100,21.3
462,Buala,SB,2021-05-29 02:20:53,-8.145,159.5921,79.84,86,100,6.93
463,North Platte,US,2021-05-29 02:20:53,41.1239,-100.7654,57.99,74,1,7.0
464,Trelew,AR,2021-05-29 02:16:22,-43.249,-65.3051,39.45,47,0,10.47
465,Prestea,GH,2021-05-29 02:20:53,5.4327,-2.1428,75.63,97,88,1.54
466,Dorchester,US,2021-05-29 02:20:54,33.1002,-80.3831,79.36,78,40,9.8
467,Bagn,NO,2021-05-29 02:20:54,60.8225,9.5521,52.74,75,9,3.02
468,Barcelos,PT,2021-05-29 02:19:54,41.5388,-8.6151,59.85,92,7,3.09
469,Machiques,VE,2021-05-29 02:20:55,10.0644,-72.545,77.14,86,100,6.04
470,Lyuban,BY,2021-05-29 02:20:55,52.7985,28.0048,51.15,87,100,6.76
471,Dehloran,IR,2021-05-29 02:20:55,32.6941,47.2679,89.73,11,0,7.02
472,Velingara,SN,2021-05-29 02:18:13,13.15,-14.1167,81.73,45,1,7.92
473,Tripoli,LY,2021-05-29 02:20:56,32.8752,13.1875,70.38,82,4,8.77
474,Namatanai,PG,2021-05-29 02:20:56,-3.6667,152.4333,82.4,76,100,11.27
475,Merida,MX,2021-05-29 02:18:15,20.9667,-89.6167,84.22,65,20,6.91
476,Paipa,CO,2021-05-29 02:20:56,5.7801,-73.1171,55.98,97,100,0.49
477,San Rafael,AR,2021-05-29 02:17:34,-34.6177,-68.3301,52.16,51,84,2.06
478,Mazyr,BY,2021-05-29 02:20:57,52.0495,29.2456,52.72,98,100,9.04
479,Atambua,ID,2021-05-29 02:20:57,-9.1061,124.8925,81.59,60,75,2.82
480,Lydenburg,ZA,2021-05-29 02:20:57,-25.0978,30.4597,48.4,39,12,2.48
481,Vanimo,PG,2021-05-29 02:20:58,-2.6741,141.3028,86.99,64,91,4.25
482,Diamantino,BR,2021-05-29 02:20:58,-14.4086,-56.4461,73.49,56,96,3.62
483,Kirkenaer,NO,2021-05-29 02:20:58,60.4564,12.0582,54.25,76,7,4.7
484,La Ronge,CA,2021-05-29 02:20:59,55.1001,-105.2842,62.85,42,75,6.91
485,Iquique,CL,2021-05-29 02:18:10,-20.2208,-70.1431,62.64,80,57,2.91
486,Makasar,ID,2021-05-29 02:20:59,-5.14,119.4221,87.85,62,0,3.58
487,Mogadishu,SO,2021-05-29 02:20:55,2.0371,45.3438,78.44,77,99,13.82
488,La Libertad,EC,2021-05-29 02:20:59,-2.2333,-80.9,72.54,86,100,6.62
489,Baruun-Urt,MN,2021-05-29 02:21:00,46.6806,113.2792,55.96,39,20,6.4
490,Novosibirsk,RU,2021-05-29 02:19:24,55.0411,82.9344,53.73,54,0,4.88
491,Batticaloa,LK,2021-05-29 02:21:00,7.7102,81.6924,80.92,73,100,5.66
492,Garissa,KE,2021-05-29 02:21:00,-0.4536,39.6401,73.8,78,50,12.57
493,Mahibadhoo,MV,2021-05-29 02:21:01,3.7833,72.9667,83.41,73,66,19.98
494,Mirnyy,RU,2021-05-29 02:21:01,62.5353,113.9611,66.2,39,11,5.17
495,Talnakh,RU,2021-05-29 02:21:01,69.4865,88.3972,32.9,98,100,9.48
496,El Chichicaste,HN,2021-05-29 02:21:02,14.0667,-86.3,77.88,59,91,3.2
497,Dhangadhi,NP,2021-05-29 02:21:02,28.7079,80.5961,74.46,88,100,4.94
498,Voskresenskoye,RU,2021-05-29 02:19:12,56.8381,45.4317,58.21,93,18,1.83
499,Ndioum,SN,2021-05-29 02:21:03,16.5129,-14.6471,80.76,32,72,14.9
500,Torit,SS,2021-05-29 02:21:03,4.4133,32.5678,69.37,92,18,3.11
501,Kupang,ID,2021-05-29 02:21:03,-10.1667,123.5833,84.78,61,40,18.41
502,Caala,AO,2021-05-29 02:21:04,-12.8525,15.5606,49.98,48,3,1.95
503,Dombarovskiy,RU,2021-05-29 02:21:04,50.7587,59.5386,63.82,45,29,11.01
504,Lodwar,KE,2021-05-29 02:21:04,3.1191,35.5973,79.3,57,80,16.15
505,Katobu,ID,2021-05-29 02:21:04,-4.9408,122.5276,86.47,59,7,6.73
506,Kamenka,RU,2021-05-29 02:21:05,51.3223,42.7678,59.45,78,100,4.74
507,Tilichiki,RU,2021-05-29 02:21:05,60.4667,166.1,43.3,68,90,6.08
508,Tecoanapa,MX,2021-05-29 02:21:05,16.5167,-98.75,84.13,68,90,3.47
509,Bilma,NE,2021-05-29 02:21:06,18.6853,12.9164,84.7,10,58,5.1
510,Sao Pedro Do Sul,BR,2021-05-29 02:21:06,-29.6206,-54.1789,59.65,99,100,2.17
511,Bellingham,US,2021-05-29 02:21:06,48.7595,-122.4882,61.77,59,20,4.0
512,Vostok,RU,2021-05-29 02:21:06,46.4856,135.8833,51.17,61,100,8.03
513,Nicoya,CR,2021-05-29 02:21:07,10.1483,-85.452,74.75,84,99,2.24
514,Chipping Sodbury,GB,2021-05-29 02:21:07,51.5381,-2.3938,57.69,88,100,2.53
515,Moussoro,TD,2021-05-29 02:21:07,13.6408,16.4901,90.25,29,97,8.95
516,Juneau,US,2021-05-29 02:21:08,58.3019,-134.4197,50.05,93,90,5.99
517,Tutoia,BR,2021-05-29 02:21:08,-2.7619,-42.2744,78.58,85,82,6.87
518,Atar,MR,2021-05-29 02:21:08,20.5169,-13.0499,88.0,22,50,9.84
519,Piombino,IT,2021-05-29 02:21:08,42.9348,10.5221,59.67,73,82,4.59
520,Mananjary,MG,2021-05-29 02:21:09,-21.2167,48.3333,66.69,90,1,5.95
521,Faanui,PF,2021-05-29 02:21:09,-16.4833,-151.75,80.42,70,15,2.24
522,Smithers,CA,2021-05-29 02:21:09,54.7804,-127.1743,57.52,38,40,14.97
523,Leningradskiy,RU,2021-05-29 02:21:10,69.3833,178.4167,33.62,87,10,12.88
524,Grand Forks,US,2021-05-29 02:21:10,47.9417,-97.4337,58.93,22,1,10.36
525,Ust-Tsilma,RU,2021-05-29 02:21:10,65.441,52.1498,40.93,92,100,8.16
526,Puerto El Triunfo,SV,2021-05-29 02:21:11,13.2833,-88.55,86.92,76,99,3.89
527,Taoudenni,ML,2021-05-29 02:21:11,22.6783,-3.9836,95.92,6,78,9.22
528,Palmares Do Sul,BR,2021-05-29 02:21:11,-30.2578,-50.5097,61.99,97,100,12.71
529,Jinchang,CN,2021-05-29 02:21:12,38.4953,102.1739,77.9,15,42,17.83
530,Vincennes,FR,2021-05-29 02:21:12,48.85,2.4333,55.69,81,0,4.12
531,Srivardhan,IN,2021-05-29 02:21:12,18.0333,73.0167,84.49,73,100,4.97
532,Zhanaozen,KZ,2021-05-29 02:21:13,43.3,52.8,69.58,46,50,8.81
533,Kostroma,RU,2021-05-29 02:21:13,57.7708,40.9344,51.51,85,96,4.29
534,Taft,IR,2021-05-29 02:21:13,31.7471,54.2088,67.95,21,20,4.7
535,Lisakovsk,KZ,2021-05-29 02:21:14,52.5369,62.4936,63.16,45,6,7.56
536,Khasan,RU,2021-05-29 02:21:14,42.4308,130.6434,60.3,60,100,6.17
537,Omboue,GA,2021-05-29 02:21:14,-1.5746,9.2618,75.61,94,99,4.29
538,Los Llanos De Aridane,ES,2021-05-29 02:21:14,28.6585,-17.9182,62.35,85,0,11.01
539,Ixtapa,MX,2021-05-29 02:21:15,20.7,-105.2,79.23,73,75,4.61
540,Aquiraz,BR,2021-05-29 02:21:15,-3.9014,-38.3911,82.49,85,3,9.8
541,Tucumcari,US,2021-05-29 02:21:15,35.1717,-103.725,62.44,72,1,5.91
542,Nurota,UZ,2021-05-29 02:19:15,40.5614,65.6886,78.89,20,2,3.29
543,Umm Lajj,SA,2021-05-29 02:21:16,25.0213,37.2685,83.26,73,64,10.09
544,Chapayevka,UA,2021-05-29 02:21:16,47.4711,36.3451,58.28,91,17,6.76
545,Kargopol,RU,2021-05-29 02:21:16,61.5071,38.9456,43.9,96,100,2.89
546,Tekeli,KZ,2021-05-29 02:21:17,44.83,78.8239,63.52,66,100,0.83
547,Anahuac,MX,2021-05-29 02:21:17,27.2333,-100.15,88.54,50,97,21.81
